{
  "config": {
    "dataset": {
      "name": "cora",
      "root": "./data",
      "normalize_features": true
    },
    "model": {
      "name": "ghn",
      "hidden_dim": 64,
      "num_patterns": 64,
      "beta": 0.1,
      "lambda_graph": 0.3,
      "num_iterations": 4,
      "alpha": 0.3,
      "num_layers": 2,
      "dropout": 0.5
    },
    "training": {
      "epochs": 50,
      "lr": 0.01,
      "weight_decay": 0.001,
      "patience": 50,
      "min_delta": 0.001
    },
    "corruption": {
      "type": "feature_noise",
      "levels": [
        0.0,
        0.1,
        0.2,
        0.3,
        0.4,
        0.5
      ]
    },
    "experiment": {
      "num_seeds": 1,
      "device": "auto",
      "save_results": true,
      "results_dir": "./results",
      "log_energy": true,
      "log_attention": true
    }
  },
  "dataset": "cora",
  "seed": 42,
  "energy_analysis": {
    "mean_energy": 14958.355134277344,
    "std_energy": 55301.36429254626,
    "min_energy": -112610.15625,
    "max_energy": 85161.0234375,
    "energy_trend": "increasing",
    "mean_energy_change": 16220.451877441406,
    "descent_rate": 0.8125,
    "energy_decreases": 325,
    "energy_increases": 75
  },
  "pattern_analysis": {
    "layer_0": {
      "num_patterns": 64,
      "pattern_dim": 64,
      "max_similarity": 0.705475389957428,
      "mean_similarity": 0.44527962803840637,
      "pattern_diversity": 0.5547203719615936,
      "high_similarity_pairs": 0,
      "total_pairs": 2016,
      "is_collapsed": false,
      "active_patterns": 39,
      "total_patterns": 64,
      "highly_used_patterns": 0,
      "usage_imbalance": 7.966668636072427e-05,
      "mean_attention_entropy": 4.158786773681641,
      "std_attention_entropy": 1.5181986782408785e-05,
      "max_entropy": 4.158883094787598,
      "pattern_usage": "tensor([0.0156, 0.0155, 0.0157, 0.0157, 0.0155, 0.0155, 0.0156, 0.0158, 0.0157,\n        0.0157, 0.0155, 0.0156, 0.0157, 0.0155, 0.0157, 0.0157, 0.0156, 0.0157,\n        0.0156, 0.0156, 0.0156, 0.0157, 0.0157, 0.0156, 0.0154, 0.0156, 0.0156,\n        0.0156, 0.0155, 0.0157, 0.0157, 0.0156, 0.0157, 0.0156, 0.0155, 0.0157,\n        0.0157, 0.0157, 0.0156, 0.0155, 0.0155, 0.0156, 0.0156, 0.0157, 0.0157,\n        0.0157, 0.0157, 0.0157, 0.0156, 0.0155, 0.0156, 0.0156, 0.0156, 0.0157,\n        0.0157, 0.0156, 0.0156, 0.0157, 0.0157, 0.0155, 0.0157, 0.0156, 0.0157,\n        0.0156])",
      "pattern_std": "tensor([0.0001, 0.0002, 0.0002, 0.0003, 0.0001, 0.0001, 0.0002, 0.0002, 0.0002,\n        0.0001, 0.0003, 0.0002, 0.0003, 0.0002, 0.0001, 0.0002, 0.0003, 0.0002,\n        0.0002, 0.0002, 0.0002, 0.0002, 0.0002, 0.0003, 0.0002, 0.0002, 0.0001,\n        0.0001, 0.0002, 0.0002, 0.0003, 0.0002, 0.0002, 0.0002, 0.0002, 0.0002,\n        0.0002, 0.0002, 0.0002, 0.0002, 0.0003, 0.0002, 0.0003, 0.0002, 0.0002,\n        0.0002, 0.0002, 0.0003, 0.0002, 0.0002, 0.0002, 0.0002, 0.0002, 0.0001,\n        0.0003, 0.0002, 0.0001, 0.0002, 0.0002, 0.0002, 0.0002, 0.0002, 0.0002,\n        0.0001])"
    },
    "layer_1": {
      "num_patterns": 64,
      "pattern_dim": 64,
      "max_similarity": 0.9949476718902588,
      "mean_similarity": 0.9783496260643005,
      "pattern_diversity": 0.021650373935699463,
      "high_similarity_pairs": 3988,
      "total_pairs": 2016,
      "is_collapsed": true,
      "active_patterns": 31,
      "total_patterns": 64,
      "highly_used_patterns": 0,
      "usage_imbalance": 1.1109347724413965e-05,
      "mean_attention_entropy": 4.15887975692749,
      "std_attention_entropy": 9.898900543703348e-07,
      "max_entropy": 4.158883094787598,
      "pattern_usage": "tensor([0.0156, 0.0156, 0.0156, 0.0156, 0.0156, 0.0156, 0.0156, 0.0156, 0.0156,\n        0.0156, 0.0156, 0.0156, 0.0156, 0.0156, 0.0156, 0.0156, 0.0156, 0.0156,\n        0.0156, 0.0156, 0.0156, 0.0156, 0.0156, 0.0156, 0.0156, 0.0156, 0.0156,\n        0.0156, 0.0156, 0.0156, 0.0156, 0.0156, 0.0156, 0.0156, 0.0156, 0.0156,\n        0.0156, 0.0156, 0.0156, 0.0156, 0.0156, 0.0156, 0.0156, 0.0156, 0.0156,\n        0.0156, 0.0156, 0.0156, 0.0156, 0.0156, 0.0156, 0.0156, 0.0157, 0.0156,\n        0.0156, 0.0156, 0.0156, 0.0156, 0.0156, 0.0156, 0.0156, 0.0156, 0.0156,\n        0.0156])",
      "pattern_std": "tensor([5.8496e-05, 1.9732e-05, 3.3364e-05, 3.3304e-05, 3.3326e-05, 2.8228e-05,\n        2.2390e-05, 3.7630e-05, 3.4571e-05, 2.9593e-05, 4.0502e-05, 3.6509e-05,\n        3.0071e-05, 5.9317e-05, 2.6400e-05, 2.5417e-05, 4.1416e-05, 4.7555e-05,\n        2.9102e-05, 2.2524e-05, 3.2491e-05, 4.4277e-05, 5.7761e-05, 3.2159e-05,\n        4.9862e-05, 2.5877e-05, 3.7729e-05, 4.5618e-05, 2.2109e-05, 5.0185e-05,\n        3.3418e-05, 3.0576e-05, 2.6033e-05, 3.6795e-05, 2.1603e-05, 3.0619e-05,\n        3.3112e-05, 1.9821e-05, 6.1254e-05, 2.5144e-05, 4.7222e-05, 3.5311e-05,\n        3.7118e-05, 6.2200e-05, 3.4282e-05, 3.1700e-05, 4.0544e-05, 6.0391e-05,\n        1.6396e-05, 3.0962e-05, 3.4648e-05, 5.6128e-05, 7.0711e-05, 4.1454e-05,\n        2.7491e-05, 2.3847e-05, 4.4614e-05, 4.6477e-05, 2.6766e-05, 5.0089e-05,\n        4.9716e-05, 3.4773e-05, 3.9979e-05, 2.1783e-05])"
    }
  },
  "training_results": {
    "final_test_acc": 0.792,
    "final_val_acc": 0.792
  }
}